# All 76 member-profile URLs from member-profile_p_first-chunk-sitemap.xml, fetched
# anonymously on 2026-07-25. Every one returned 404 - the Members Area is gated.
http_status	url
404	https://www.minoritywealthgap.org/bmoul002/events
404	https://www.minoritywealthgap.org/bmoul002/profile
404	https://www.minoritywealthgap.org/cate-aineomugisha/events
404	https://www.minoritywealthgap.org/cate-aineomugisha/profile
404	https://www.minoritywealthgap.org/catherine-turyamureeba/events
404	https://www.minoritywealthgap.org/catherine-turyamureeba/profile
404	https://www.minoritywealthgap.org/demani-harry99263/events
404	https://www.minoritywealthgap.org/demani-harry99263/profile
404	https://www.minoritywealthgap.org/derrickmckeller22/events
404	https://www.minoritywealthgap.org/derrickmckeller22/profile
404	https://www.minoritywealthgap.org/dorcas-odulaja77154/events
404	https://www.minoritywealthgap.org/dorcas-odulaja77154/profile
404	https://www.minoritywealthgap.org/ecrawford3bbio/events
404	https://www.minoritywealthgap.org/ecrawford3bbio/profile
404	https://www.minoritywealthgap.org/gisselle-ramirez2148/events
404	https://www.minoritywealthgap.org/gisselle-ramirez2148/profile
404	https://www.minoritywealthgap.org/gwhiz0629/events
404	https://www.minoritywealthgap.org/gwhiz0629/profile
404	https://www.minoritywealthgap.org/idris-batts58686/events
404	https://www.minoritywealthgap.org/idris-batts58686/profile
404	https://www.minoritywealthgap.org/jazminelyric143/events
404	https://www.minoritywealthgap.org/jazminelyric143/profile
404	https://www.minoritywealthgap.org/jkyompire/events
404	https://www.minoritywealthgap.org/jkyompire/profile
404	https://www.minoritywealthgap.org/john-mukasa/events
404	https://www.minoritywealthgap.org/john-mukasa/profile
404	https://www.minoritywealthgap.org/joshuah-adjei11603/events
404	https://www.minoritywealthgap.org/joshuah-adjei11603/profile
404	https://www.minoritywealthgap.org/judycowan2650/events
404	https://www.minoritywealthgap.org/judycowan2650/profile
404	https://www.minoritywealthgap.org/julian-kyompire/events
404	https://www.minoritywealthgap.org/julian-kyompire/profile
404	https://www.minoritywealthgap.org/kaliyah-thompson36671/events
404	https://www.minoritywealthgap.org/kaliyah-thompson36671/profile
404	https://www.minoritywealthgap.org/kerrie-pruitt/events
404	https://www.minoritywealthgap.org/kerrie-pruitt/profile
404	https://www.minoritywealthgap.org/kfranker03/events
404	https://www.minoritywealthgap.org/kfranker03/profile
404	https://www.minoritywealthgap.org/kindra-adamson/events
404	https://www.minoritywealthgap.org/kindra-adamson/profile
404	https://www.minoritywealthgap.org/marciat138/events
404	https://www.minoritywealthgap.org/marciat138/profile
404	https://www.minoritywealthgap.org/mercedeshues/events
404	https://www.minoritywealthgap.org/mercedeshues/profile
404	https://www.minoritywealthgap.org/minoritywealthgap/events
404	https://www.minoritywealthgap.org/minoritywealthgap/profile
404	https://www.minoritywealthgap.org/mohemeen-ahmed/events
404	https://www.minoritywealthgap.org/mohemeen-ahmed/profile
404	https://www.minoritywealthgap.org/mukasajohn/events
404	https://www.minoritywealthgap.org/mukasajohn/profile
404	https://www.minoritywealthgap.org/ndyanabomirian15089/events
404	https://www.minoritywealthgap.org/ndyanabomirian15089/profile
404	https://www.minoritywealthgap.org/nelly072177/events
404	https://www.minoritywealthgap.org/nelly072177/profile
404	https://www.minoritywealthgap.org/rayhanhossen2864/events
404	https://www.minoritywealthgap.org/rayhanhossen2864/profile
404	https://www.minoritywealthgap.org/richard-bwogi/events
404	https://www.minoritywealthgap.org/richard-bwogi/profile
404	https://www.minoritywealthgap.org/sawbira-adam32797/events
404	https://www.minoritywealthgap.org/sawbira-adam32797/profile
404	https://www.minoritywealthgap.org/shamalzint2013/events
404	https://www.minoritywealthgap.org/shamalzint2013/profile
404	https://www.minoritywealthgap.org/sharnali-zaman40738/events
404	https://www.minoritywealthgap.org/sharnali-zaman40738/profile
404	https://www.minoritywealthgap.org/sharnozaman44008/events
404	https://www.minoritywealthgap.org/sharnozaman44008/profile
404	https://www.minoritywealthgap.org/turyasingurahillo/events
404	https://www.minoritywealthgap.org/turyasingurahillo/profile
404	https://www.minoritywealthgap.org/usman-javid11320/events
404	https://www.minoritywealthgap.org/usman-javid11320/profile
404	https://www.minoritywealthgap.org/walttompkins402/events
404	https://www.minoritywealthgap.org/walttompkins402/profile
404	https://www.minoritywealthgap.org/wkirk777/events
404	https://www.minoritywealthgap.org/wkirk777/profile
404	https://www.minoritywealthgap.org/zalwangoagnes128/events
404	https://www.minoritywealthgap.org/zalwangoagnes128/profile
